nama,harga,reviews,rating,facilities
ASTON Kuta Hotel & Residence,Rp 734.194,(2.4K reviews) , 8.6 (2.4K reviews) ,"Hot tub
Kids club
Massage
Fitness center
Poolside bar
Spa"
Brits Hotel Legian,Rp 422.004,(2.1K reviews) , 8.6 (2.1K reviews) ,"Top picked by Family with children
Pay at Hotel
4+"
Harper Kuta by ASTON,Rp 650.826,(2.9K reviews) , 8.6 (2.9K reviews) ,"Pay at Hotel
Massage
Airport transfer
Sauna
Spa
Bar"
Atanaya Kuta Bali,Rp 670.000,(10K reviews) , 8.6 (10K reviews) ,"Babysitting
Poolside bar
Wheelchair accessible
Pool sun loungers"
Wyndham Garden Kuta Beach Bali,Rp 1.167.769,(1.4K reviews) , 8.1 (1.4K reviews) ,"Pay at Hotel
Babysitting
Bicycle rental
Car rental
Massage
1+"
YELLO Hotel Kuta Beachwalk Bali,Rp 1.115.702,(902 reviews) , 8.9 (902 reviews) ,"Pay at Hotel
Airport transfer"
Potato Head Suites & Studios,Rp 4.720.661,(204 reviews) , 9.2 (204 reviews) ,"Luxurious Design
Beach Bar
Beach sun loungers
Beach towel
2+"
Daun Bali Seminyak Hotel,Rp 691.503,(4.4K reviews) , 8.7 (4.4K reviews) ,"Located in Downtown Area
Show cooking restaurant
4+"
Primera Hotel Seminyak,Rp 324.129,(857 reviews) , 8.2 (857 reviews) ,Pool sun loungers
Hotel Neo+ Kuta - Legian by ASTON,Rp 448.636,(2.4K reviews) , 8.7 (2.4K reviews) ,"Pay at Hotel
Bicycle rental
Car rental
Airport transfer"
Quest Hotel Kuta by ASTON,Rp 498.301,(1.2K reviews) , 8.4 (1.2K reviews) ,"Hot tub
Car rental
Massage
Poolside bar
Spa
Bar"
Sovereign Bali Hotel,Rp 1.020.375,(3.1K reviews) , 8.7 (3.1K reviews) ,"Located near Airport
Massage
Fitness center
Business facilities
2+"
THE 1O1 Bali Fontana Seminyak,Rp 552.273,(1.9K reviews) , 8.6 (1.9K reviews) ,"Children play area
Massage
Fitness center
Wheelchair accessible
2+"
Sun Royal Hotel,Rp 483.471,(989 reviews) , 8.4 (989 reviews) ,"Pay at Hotel
Sun loungers
Massage
Poolside bar
Spa
Bar"
HARRIS Hotel Kuta Galleria,Rp 706.612,(2.7K reviews) , 8.4 (2.7K reviews) ,Pay at Hotel
Horison Seminyak,Rp 488.442,(2.9K reviews) , 8.5 (2.9K reviews) ,"Located near Beach Club
Beach towel"
Liberta Hotel Seminyak,Rp 389.828,(1.3K reviews) , 8.1 (1.3K reviews) ,"Bicycle storage
Car rental
Massage
Spa
Bar"
Natya Hotel Kuta,Rp 1.140.496,(2.6K reviews) , 8.6 (2.6K reviews) ,"Pay at Hotel
Pool or Snooker
Poolside bar
Wheelchair accessible
2+"
Golden Tulip Jineng Resort Bali,Rp 743.966,(2.9K reviews) , 8.5 (2.9K reviews) ,"Pay at Hotel
Children play area
Kids club
Fitness center
2+"
favehotel Sunset Seminyak,Rp 504.364,(1.5K reviews) , 8.5 (1.5K reviews) ,"Babysitting
Car rental
Massage
Poolside bar
Spa"
The Sun Hotel & Spa,Rp 334.176,(3.1K reviews) , 8.4 (3.1K reviews) ,"Within walking distance to Beachside
Hot tub
Children play area
3+"
TRUNTUM KUTA (Formerly Grand Inna Kuta),Rp 1.074.722,(3.6K reviews) , 8.6 (3.6K reviews) ,"Pay at Hotel
Bicycle storage
Massage
Poolside bar
2+"
Kutabex Beachfront Hotel,Rp 604.215,(4.5K reviews) , 8.4 (4.5K reviews) ,"Pay at Hotel
Massage
Spa"
Kuta Beach Hotel,Rp 641.122,(2.5K reviews) , 8.4 (2.5K reviews) ,"Pay at Hotel
Massage
Fitness center
Spa
Fitness center
Bar"
HARRIS Hotel & Residences Sunset Road,Rp 477.686,(2.1K reviews) , 8.6 (2.1K reviews) ,"Pay at Hotel
Children play area
Kids club
Fitness center
2+"
Paragon Hotel Seminyak,Rp 752.984,(1.4K reviews) , 8.1 (1.4K reviews) ,"Beach shuttle
Beach towel
Massage
Fitness center
Spa"
The Haven Bali Seminyak,Rp 900.000,(1.1K reviews) , 8.6 (1.1K reviews) ,"Excellent Breakfast
Beach shuttle
Beach towel
Fitness center
2+"
Horison Kuta Bali,Rp 923.760,(253 reviews) , 8.5 (253 reviews) ,"Rooftop terrace
Business facilities
Express check-out
Bar"
Hotel Santika Seminyak,Rp 621.901,(1.3K reviews) , 8.7 (1.3K reviews) ,"Bar
Massage
Fitness center
Spa
Fitness center
Bar"
PrimeBiz Hotel Kuta,Rp 413.760,(2.7K reviews) , 8.7 (2.7K reviews) ,"Pay at Hotel
Massage
Airport transfer
Spa
Bar"
HARRIS Hotel Kuta Tuban Bali,Rp 1.057.851,(2.8K reviews) , 8.5 (2.8K reviews) ,"Pay at Hotel
Babysitting
Massage
Fitness center
Airport transfer
Spa"
Aryaduta Bali,Rp 4.231.272,(796 reviews) , 8.7 (796 reviews) ,"Show cooking restaurant
Business facilities
Poolside bar
3+"
Duo Legian Hotel,Rp 309.917,(4.2K reviews) , 8.6 (4.2K reviews) ,"Pay at Hotel
Babysitting
Bicycle rental
Car rental
Massage
1+"
HARRIS Hotel & Residences Riverview Kuta - Bali (Associated HARRIS),Rp 568.595,(2.3K reviews) , 8.4 (2.3K reviews) ,"Pay at Hotel
Massage
Fitness center
Billiard
Poolside bar
Bar"
d'primahotel Petitenget Seminyak 2,Rp 1.066.188,(666 reviews) , 8.5 (666 reviews) ,"Massage
Fitness center
Billiard
Poolside bar
Fitness center
Bar"
Discovery Kartika Plaza Bali,Rp 1.598.200,(1.2K reviews) , 8.7 (1.2K reviews) ,"Basketball
Show cooking restaurant
Beach volleyball
Poolside bar
2+"
Kuta Paradiso Hotel,Rp 1.407.910,(1.5K reviews) , 8.5 (1.5K reviews) ,"Pay at Hotel
Children play area
Massage
Fitness center
2+"
Mamaka by Ovolo,Rp 1.541.468,(257 reviews) , 8.9 (257 reviews) ,"Aerobics
Beach towel
Rooftop terrace
Wheelchair accessible
2+"
HARRIS Hotel Seminyak,Rp 695.455,(1.3K reviews) , 8.5 (1.3K reviews) ,"Pay at Hotel
Children play area
Massage
Fitness center
Spa
1+"
Swiss-Belhotel Tuban,Rp 681.818,(1.5K reviews) , 8.7 (1.5K reviews) ,"Pay at Hotel
Kids club
Massage
Fitness center
Fitness center
Bar"
Yan's House Hotel,Rp 750.178,(1.8K reviews) , 9.0 (1.8K reviews) ,"Pay at Hotel
Bar"
"Hotel Indigo BALI SEMINYAK BEACH, an IHG Hotel",Rp 2.969.792,(167 reviews) , 9.0 (167 reviews) ,"Tennis
Fitness center
Bar"
Boss Legian Powered by Archipelago,Rp 339.992,(5.3K reviews) , 8.2 (5.3K reviews) ,"Pay at Hotel
Car rental
Beach towel
Airport transfer
2+"
Lloyd's Inn Bali,Rp 1.253.558,(1.4K reviews) , 8.6 (1.4K reviews) ,"Unique Design
Massage
Library
Spa
Bar"
The Isvara By Cove,Rp 1.373.864,(48 reviews) , 8.2 (48 reviews) ,"Rooftop terrace
Bar"
Swiss Belhotel Rainforest,Rp 4.132.231,(1.2K reviews) , 8.4 (1.2K reviews) ,"Free Cancellation available
Pay at Hotel
Beach shuttle
Clothes dryer
2+"
CRYSTALKUTA Hotel-Bali,Rp 602.975,(772 reviews) , 8.3 (772 reviews) ,"Beach shuttle
Airport transfer
Express check-out"
Mercure Bali Legian,Rp 1.250.000,(630 reviews) , 8.4 (630 reviews) ,"Children play area
Express check-out"
The Bene Hotel Kuta,Rp 444.215,(404 reviews) , 8.5 (404 reviews) ,"Located near Beachside
Massage
Poolside bar
3+"
Kanvaz Village Resort Seminyak,Rp 2.365.938,(304 reviews) , 9.0 (304 reviews) ,"Bicycle rental
Library
Wheelchair accessible
Bar"
Jambuluwuk Oceano Seminyak Hotel,Rp 1.092.022,(1.2K reviews) , 8.5 (1.2K reviews) ,"Pay at Hotel
Recreation room
Rooftop terrace
Business facilities
2+"
The Patra Bali Resort & Villas,Rp 1.325.133,(755 reviews) , 8.8 (755 reviews) ,"Bar
Billiard
Outdoor tennis court
Poolside bar
2+"
THE RIVAVI,Rp 495.273,(4.2K reviews) , 8.0 (4.2K reviews) ,"Pay at Hotel
Airport transfer
Wheelchair accessible
Bar"
J4 Hotels Legian,Rp 815.223,(2.5K reviews) , 8.7 (2.5K reviews) ,"Massage
Spa
Bar"
Bali Rani Hotel,Rp 1.023.967,(446 reviews) , 8.7 (446 reviews) ,"Pay at Hotel
Table tennis
Massage
Billiard
Spa
Bar"
Hilton Garden Inn Bali Ngurah Rai Airport,Rp 912.428,(1.3K reviews) , 8.5 (1.3K reviews) ,"Fitness center
Bar"
Alila Seminyak,Rp 5.486.285,(295 reviews) , 8.9 (295 reviews) ,"Beach Bar
Business facilities
Poolside bar
Wheelchair accessible
2+"
FuramaXclusive Ocean Beach Seminyak,Rp 937.483,(567 reviews) , 8.4 (567 reviews) ,"Children play area
Car rental
Massage
Kitchenette
2+"
Sheraton Bali Kuta Resort,Rp 3.050.000,(848 reviews) , 8.8 (848 reviews) ,"Braille or raised signage
Children play area
Fitness center
Billiard
2+"
Grand Kuta Hotel & Residence,Rp 609.917,(1.1K reviews) , 8.5 (1.1K reviews) ,"Table tennis
Car rental
Wheelchair accessible
Pool sun loungers"
Danoya Villa Seminyak,Rp 9.315.128,(968 reviews) , 8.7 (968 reviews) ,"Surfing
Banana boat
Jet ski
Windsurfing
Diving
Kitchenette"
Famous Hotel Kuta,Rp 364.366,(1.6K reviews) , 8.4 (1.6K reviews) ,"Located near Airport
Hot tub
Car rental
Fitness center
Billiard
Bar"
Hotel Dafam Savvoya Seminyak,Rp 418.529,(1.7K reviews) , 8.4 (1.7K reviews) ,"Pool cabanas
Massage
Business facilities
Pool sun loungers
2+"
Grand Istana Rama Hotel,Rp 1.322.727,(1.1K reviews) , 8.4 (1.1K reviews) ,"Show cooking restaurant
Beach towel
Poolside bar
Beach umbrella
2+"
Dream of Aventus Hotel Kuta,Rp 587.188,(96 reviews) , 8.7 (96 reviews) ,"Free Cancellation available
Children play area
Kids club
Massage
2+"
Bedrock Hotel Kuta Bali,Rp 523.601,(1.8K reviews) , 8.6 (1.8K reviews) ,"Located near Airport
Fitness center
Poolside bar
3+"
Alron Hotel Kuta Powered by Archipelago,Rp 585.744,(2.8K reviews) , 8.4 (2.8K reviews) ,"Pay at Hotel
Show cooking restaurant
Business facilities
3+"
The Kuta Beach Heritage Hotel Bali - Managed by Accor,Rp 1.540.000,(745 reviews) , 8.7 (745 reviews) ,"Babysitting
Express check-out"
Cara Cara Inn,Rp 266.529,(3.8K reviews) , 8.8 (3.8K reviews) ,Table tennis
Kanishka Villas,Rp 1.922.769,(129 reviews) , 8.2 (129 reviews) ,"Babysitting
Car rental
Airport transfer"
Simpang Inn Kuta,Rp 208.728,(949 reviews) , 8.1 (949 reviews) ,"Massage
Spa"
Grand Zuri Kuta Bali,Rp 658.429,(3.6K reviews) , 8.8 (3.6K reviews) ,"Massage
Fitness center
Airport transfer
Express check-out
2+"
Angkul Angkul Segara Beach Kuta by Kamara,Rp 454.545,(377 reviews) , 8.7 (377 reviews) ,"Free Cancellation available
Pay at Hotel
Express check-out"
The Akmani Legian,Rp 560.155,(1.1K reviews) , 8.7 (1.1K reviews) ,"Pay at Hotel
Fitness center
Poolside bar
Bar"
Hotel Santika Kuta,Rp 665.702,(2K reviews) , 8.7 (2K reviews) ,"Beach shuttle
Car rental
Massage
Spa"
EDEN Hotel Kuta Bali,Rp 874.966,(1.8K reviews) , 8.5 (1.8K reviews) ,"Bicycle storage
Children play area
Car rental
Billiard
Poolside bar
Spa"
Kuta Majesty Hotel,Rp 251.317,(4.8K reviews) , 8.4 (4.8K reviews) ,"Pay at Hotel
Wheelchair accessible"
Rhadana Kuta,Rp 347.927,(1.4K reviews) , 8.7 (1.4K reviews) ,"Pay at Hotel
Fitness center
Fitness center"
"Holiday Inn Express BARUNA BALI, an IHG Hotel",Rp 1.121.889,(160 reviews) , 8.4 (160 reviews) ,"Tennis
Fitness center
Airport transfer"
Sans Sunset Point Seminyak,Rp 404.064,(667 reviews) , 7.7 (667 reviews) ,Rooftop terrace
Amaris Hotel Sunset Road,Rp 260.331,(882 reviews) , 8.0 (882 reviews) ,"Pool or Snooker
Bicycle storage
Car rental
Wheelchair accessible"
Ramada by Wyndham Bali Sunset Road Kuta,Rp 785.124,(2.7K reviews) , 8.3 (2.7K reviews) ,"Pay at Hotel
Massage
Rooftop terrace
Poolside bar
2+"
Sun Island Hotel & Spa Kuta,Rp 1.260.331,(656 reviews) , 8.4 (656 reviews) ,"Bicycle rental
Car rental"
Best Western Resort Kuta,Rp 454.545,(1.3K reviews) , 8.2 (1.3K reviews) ,"Located near Airport
Massage
Poolside bar
3+"
Euphoria Hotel,Rp 305.359,(1.9K reviews) , 8.5 (1.9K reviews) ,"Beach shuttle
Children play area
Bicycle rental
Car rental
2+"
Dekuta Boutique Hotel,Rp 399.794,(973 reviews) , 8.5 (973 reviews) ,"Bicycle rental
Car rental
Airport transfer
Pool sun loungers
Spa
Bar"
d’primahotel Seminyak,Rp 1.555.289,(496 reviews) , 8.3 (496 reviews) ,"Beach towel
Massage
Pool sun loungers
Spa"
Bintang Bali Resort,Rp 2.107.438,(1.6K reviews) , 8.6 (1.6K reviews) ,"Pay at Hotel
Cycling
Poolside bar
Wheelchair accessible
2+"
NEO Kuta Jelantik,Rp 339.868,(1.5K reviews) , 8.3 (1.5K reviews) ,"Pay at Hotel
Beach towel
Airport transfer
Express check-out"
Anari Villas Kuta,Rp 1.634.545,(275 reviews) , 8.5 (275 reviews) ,"Massage
Kitchenette
Wheelchair accessible
Pool sun loungers
2+"
"Four Points By Sheraton Bali, Seminyak",Rp 1.700.000,(230 reviews) , 8.7 (230 reviews) ,"Massage
Fitness center
Poolside bar
Wheelchair accessible
2+"
The Kanjeng Hotel Legian,Rp 282.077,(52 reviews) , 7.6 (52 reviews) ,Rooftop terrace
Kuta Central Park Hotel,Rp 639.669,(2.6K reviews) , 8.5 (2.6K reviews) ,"Pay at Hotel
Beach shuttle
Bicycle rental
Car rental
Billiard
Bar"
Solaris Hotel Kuta,Rp 399.868,(1.2K reviews) , 8.3 (1.2K reviews) ,"Pay at Hotel
Poolside bar
Bar"
S18 Bali Villas,Rp 6.198.657,(191 reviews) , 8.9 (191 reviews) ,"Shopping center shuttle
Beach shuttle
Massage
Business facilities
1+"
Hotel Zia Bali - Kuta,Rp 337.604,(1.4K reviews) , 8.4 (1.4K reviews) ,"Free Cancellation available
Rooftop terrace
Business facilities
3+"
Restu Bali Hotel,Rp 111.570,(1.1K reviews) , 8.3 (1.1K reviews) ,"Pay at Hotel
Beach towel
Massage
Pool sun loungers
2+"
Paisa Villa Seminyak,Rp 1.509.610,(379 reviews) , 8.4 (379 reviews) ,"Fishing
Outdoor facilities
Clothes dryer
Beach sun loungers
2+"
Viva Dash Hotel Seminyak,Rp 1.178.512,(426 reviews) , 8.9 (426 reviews) ,"Outdoor facilities
Massage
Fitness center
Rooftop terrace
2+"
Solia Legian Bali,Rp 1.044.301,(379 reviews) , 8.8 (379 reviews) ,"Fitness center
Rooftop terrace
Poolside bar
Wheelchair accessible
2+"
Royal Regantris Kuta,Rp 386.920,(1.4K reviews) , 8.6 (1.4K reviews) ,"Bar
Outdoor facilities
Massage
Rooftop terrace
2+"
M Suite Bali,Rp 436.240,(465 reviews) , 8.5 (465 reviews) ,"Pay at Hotel
Bicycle rental
Kitchenette"
Angkul Angkul Beach Inn by Kamara,Rp 345.455,(671 reviews) , 8.6 (671 reviews) ,"Pay at Hotel
Clothes dryer
Sun loungers
Bicycle rental
Car rental
1+"
Easton Kuta,Rp 193.858,(364 reviews) , 7.5 (364 reviews) ,"Located near Airport
Bicycle rental
Car rental
Massage
2+"
Bliss Surfer Hotel by Tritama Hospitality,Rp 669.421,(1.2K reviews) , 8.7 (1.2K reviews) ,"Pay at Hotel
Children play area
Beach towel
Massage
2+"
Grand Sinar Indah Hotel,Rp 327.273,(309 reviews) , 8.3 (309 reviews) ,"Pay at Hotel
Bar
Massage
Poolside bar
Sauna
Bar"
Grand Mercure Bali Seminyak,Rp 2.588.000,(25 reviews) , 8.7 (25 reviews) ,Children play area
OYO 482 Anika Guest House,Rp 257.117,(1.5K reviews) , 8.0 (1.5K reviews) ,"Pay at Hotel
Massage
Airport transfer
Express check-out
Spa
Bar"
The Kubu Hotel,Rp 365.289,(1.5K reviews) , 8.1 (1.5K reviews) ,"Free Cancellation available
Pay at Hotel
Bicycle storage
3+"
Bali Dynasty Resort,Rp 2.194.407,(600 reviews) , 8.6 (600 reviews) ,"Pay at Hotel
Beach sun loungers
Beach towel
Airport transfer
2+"
Puri Dibia Hotel,Rp 247.934,(286 reviews) , 8.4 (286 reviews) ,"Free Cancellation available
Pay at Hotel
Bicycle rental
Car rental
1+"
Grandmas Plus Hotel - Legian,Rp 641.529,(5.6K reviews) , 8.9 (5.6K reviews) ,"Bicycle storage
Bicycle rental
Car rental
Massage
Spa
Bar"
Diamond Hotel Kuta Bali,Rp 814.876,(1.5K reviews) , 8.3 (1.5K reviews) ,"Clothes dryer
Fitness center
Wheelchair accessible
Fitness center
Bar"
Cross Vibe Paasha Atelier Bali Kuta managed by Cross Hotels & Resorts,Rp 1.347.502,(18 reviews) , 8.5 (18 reviews) ,"Pay at Hotel
Massage
Fitness center
Poolside bar
Fitness center
Bar"
Seminyak Lagoon All Suites Hotel,Rp 977.273,(730 reviews) , 8.5 (730 reviews) ,"Bicycle rental
Kitchenette
Fitness center
Library
2+"
Troppo Zone Puri Rama Resort,Rp 210.744,(361 reviews) , 7.6 (361 reviews) ,"Table tennis
Billiard
Poolside bar
Airport transfer
2+"
Bali Summer Hotel,Rp 400.666,(402 reviews) , 8.1 (402 reviews) ,"Recreation room
Massage
Poolside bar
Wheelchair accessible
2+"
Budget Door Legian Inn,Rp 247.934,(491 reviews) , 8.3 (491 reviews) ,"Pay at Hotel
Car rental"
ibis Bali Kuta,Rp 673.801,(715 reviews) , 8.3 (715 reviews) ,Free Cancellation available
Samudra Boutique Hotel and Villa,Rp 276.860,(1.2K reviews) , 7.8 (1.2K reviews) ,Car rental
Courtyard by Marriott Bali Seminyak Resort,Rp 2.220.000,(542 reviews) , 9.0 (542 reviews) ,"Car rental
Fitness center"
Swiss-Belexpress Kuta Legian,Rp 439.928,(2.6K reviews) , 8.6 (2.6K reviews) ,"Pay at Hotel
Recreation room
Business facilities
Poolside bar
2+"
Champlung Mas Hotel,Rp 979.545,(1K reviews) , 8.4 (1K reviews) ,"Pay at Hotel
Massage
Wheelchair accessible
Spa
Bar"
Fourteen Roses Boutique Hotel Kuta,Rp 5.454.545,(827 reviews) , 8.1 (827 reviews) ,"Massage
Poolside bar
Airport transfer
Wheelchair accessible
Spa
Bar"
White Lotus Villas Seminyak,Rp 1.510.331,(45 reviews) , 8.1 (45 reviews) ,"Bicycle rental
Massage
Kitchenette"
Beachwalk Residence,Rp 2.892.562,(21 reviews) , 8.5 (21 reviews) ,"Kitchenette
Fitness center
Fitness center"
"Holiday Inn Resort BARUNA BALI, an IHG Hotel",Rp 2.557.281,(87 reviews) , 8.6 (87 reviews) ,"Tennis
Babysitting
Fitness center
Airport transfer"
Adhi Jaya Hotel,Rp 989.421,(367 reviews) , 8.8 (367 reviews) ,Poolside bar
Grandmas Plus Hotel Airport,Rp 500.339,(1.9K reviews) , 8.9 (1.9K reviews) ,"Massage
Express check-out
Spa"
Puri Bunga Inn,Rp 206.612,(380 reviews) , 8.2 (380 reviews) ,Pay at Hotel
Brown Feather Boutique Hotel,Rp 1.177.686,(293 reviews) , 8.8 (293 reviews) ,"Bicycle rental
Car rental"
Imani Suites,Rp 599.721,(34 reviews) , 8.0 (34 reviews) ,"Car rental
Rooftop terrace
Airport transfer
Bar"
Matahari House,Rp 133.265,(1.8K reviews) , 8.3 (1.8K reviews) ,Express check-out
Graha Wedha Suite Kuta by Kamara,Rp 304.132,(413 reviews) , 8.0 (413 reviews) ,"Pay at Hotel
Car rental
Express check-out"
Kak Garden Inn,Rp 259.753,(276 reviews) , 8.6 (276 reviews) ,"Free Cancellation available
Car rental"
G'Sign Style Hotel Kuta,Rp 328.757,(629 reviews) , 8.4 (629 reviews) ,Spa
Seminyak Townhouse Bali,Rp 577.479,(569 reviews) , 8.1 (569 reviews) ,"Bicycle storage
Bicycle rental
Kitchenette
Beach umbrella
Library
1+"
Kuta Sari House,Rp 133.265,(915 reviews) , 8.3 (915 reviews) ,Express check-out
Suardana Inn's,Rp 192.355,(31 reviews) , 8.7 (31 reviews) ,Pay at Hotel
W Bali - Seminyak,Rp 6.200.000,(13 reviews) , 8.8 (13 reviews) ,"Limo or town car service
Turkish bath
Beach Bar
Shops
2+"
Serela Kuta by KAGUM Hotels,Rp 247.934,(669 reviews) , 7.9 (669 reviews) ,"Massage
Spa
Bar"
Pondok DenAyu Homestay,Rp 231.405,(600 reviews) , 8.5 (600 reviews) ,Pay at Hotel
The Rani Hotel & Spa,Rp 595.227,(576 reviews) , 8.7 (576 reviews) ,"Babysitting
Massage
Wheelchair accessible
Spa
Bar"
The Nyaman Bali,Rp 454.545,(167 reviews) , 8.7 (167 reviews) ,"Pay at Hotel
Bicycle rental
Car rental
Poolside bar
Bar"
EDEN The Residence at The Sea Seminyak,Rp 4.397.446,(22 reviews) , 8.8 (22 reviews) ,"Located near Beach Club
Massage
Kitchenette
Fitness center
2+"
De Vins Sky Hotel Seminyak,Rp 1.506.825,(1K reviews) , 8.4 (1K reviews) ,"Hot tub
Poolside bar
Library
Wheelchair accessible
Fitness center
1+"
The Niche Bali,Rp 614.876,(453 reviews) , 8.3 (453 reviews) ,"Pay at Hotel
Massage
Poolside bar
Pool sun loungers
Spa
Bar"
OYO 1666 Grand Pudjawan Hotel Near Kuta Beach,Rp 240.826,(127 reviews) , 8.1 (127 reviews) ,"Pay at Hotel
Bicycle rental
Express check-out"
Padma Resort Legian,Rp 4.459.364,(255 reviews) , 9.1 (255 reviews) ,"Winery
Tennis
Beach sun loungers
Poolside bar
Fitness center
Bar"
Fairfield by Marriott Bali South Kuta,Rp 1.080.000,(13 reviews) , 8.8 (13 reviews) ,"Beach shuttle
Billiard
Beach umbrella
Pool sun loungers
Bar"
The Seminyak Suite – Private Villa,Rp 3.185.330,(50 reviews) , 8.5 (50 reviews) ,Kitchenette
Borough Capsule Hostel Bali,Rp 91.901,(575 reviews) , 8.7 (575 reviews) ,"Rooftop terrace
Poolside bar"
The Layar Designer Villas and Spa,Rp 3.553.010,(19 reviews) , 8.4 (19 reviews) ,Express check-out
Zest Legian by Swiss-Belhotel International,Rp 470.199,(555 reviews) , 8.9 (555 reviews) ,"Pay at Hotel
Poolside bar
Wheelchair accessible
Pool sun loungers
Bar"
SUPER OYO 1755 De'balcon Accomodation Near Ngurah Rai Airport,Rp 169.880,(114 reviews) , 7.9 (114 reviews) ,"Pay at Hotel
Express check-out"
My Home @ Bali (Previously My Home @ Bali by Conary),Rp 247.934,(121 reviews) , 8.6 (121 reviews) ,Rooftop terrace
Kuta Suci Guest House,Rp 373.554,(403 reviews) , 8.8 (403 reviews) ,Outdoor facilities
H-Ostel,Rp 103.306,(394 reviews) , 8.6 (394 reviews) ,Pay at Hotel
Kuta Townhouse Apartments,Rp 1.151.405,(48 reviews) , 7.9 (48 reviews) ,"Beach shuttle
Car rental
Beach towel
Billiard
Fitness center
Bar"
The Sunset Mansion Seminyak,Rp 719.835,(59 reviews) , 8.7 (59 reviews) ,"Pay at Hotel
Car rental
Massage
Kitchenette"
Puri Dewa Bharata Hotel & Villas,Rp 388.430,(454 reviews) , 8.4 (454 reviews) ,"Natural Ambience
Pay at Hotel
Bar"
Lasanti Villas Seminyak,Rp 2.082.919,(328 reviews) , 8.9 (328 reviews) ,"Car rental
Massage
Kitchenette"
Dedy Beach Inn,Rp 261.085,(56 reviews) , 8.3 (56 reviews) ,"Bicycle rental
Car rental"
Ramayana Suites & Resort,Rp 3.015.475,(189 reviews) , 8.7 (189 reviews) ,"Bicycle rental
Massage
Poolside bar
Spa
Bar"
Febri's Hotel & Spa,Rp 545.455,(110 reviews) , 8.8 (110 reviews) ,"Water sport
Surfing
Horse riding
Children play area
Library
Bar"
Aloft Bali Seminyak,Rp 1.831.800,(105 reviews) , 8.8 (105 reviews) ,"Rooftop terrace
Pool sun loungers
Fitness center
Bar"
Collection O New Arena Hotel Bali,Rp 206.611,(58 reviews) , 7.7 (58 reviews) ,"Pay at Hotel
Express check-out
Bar"
Ammara Legian By Vilarisi,Rp 487.603,(1.8K reviews) , 7.9 (1.8K reviews) ,"Pay at Hotel
Library"
Double-Six Luxury Hotel Seminyak,Rp 3.102.206,(886 reviews) , 8.9 (886 reviews) ,"Beach sun loungers
Rooftop terrace
Poolside bar
Beach umbrella
2+"
Townhouse Oak Maxi Hotel Legian Bali,Rp 359.925,(88 reviews) , 7.8 (88 reviews) ,"Pay at Hotel
Express check-out"
Capsule Inn Bali,Rp 136.860,(221 reviews) , 8.8 (221 reviews) ,"Bicycle rental
Rooftop terrace"
TS Suites Seminyak,Rp 3.751.148,(773 reviews) , 9.0 (773 reviews) ,"Aerobics
Bar
Billiard
Poolside bar
Express check-out
Bar"
Amanlane Suite Seminyak by ARM Hospitality,Rp 306.612,(48 reviews) , 8.6 (48 reviews) ,Kitchenette
The Light Exclusive Villa and Spa,Rp 1.465.909,(323 reviews) , 8.4 (323 reviews) ,"Pay at Hotel
Bicycle rental
Car rental
Massage
Kitchenette
1+"
Pesona Beach Inn Hotel,Rp 152.893,(701 reviews) , 7.8 (701 reviews) ,Pay at Hotel
Montigo Resort Seminyak,Rp 2.864.393,(75 reviews) , 8.7 (75 reviews) ,"Show cooking restaurant
Winery
Poolside bar
Express check-out
2+"
Bali Cosy Villa (Adults Only),Rp 1.880.165,(220 reviews) , 8.6 (220 reviews) ,"Hot tub
Massage
Kitchenette
Pool sun loungers
Spa
Fitness center"
i-Villa by Ekosistem,Rp 4.013.182,(112 reviews) , 9.1 (112 reviews) ,"Kitchenette
Airport transfer"
Arana Suite,Rp 567.273,(587 reviews) , 9.0 (587 reviews) ,"Pay at Hotel
Massage
Spa"
The Kana Kuta Hotel,Rp 894.413,(187 reviews) , 8.9 (187 reviews) ,"Shopping center shuttle
Beach shuttle
Kids club
Fitness center"
OYO 4003 Ceria Guesthouse Seminyak,Rp 297.520,(55 reviews) , 7.9 (55 reviews) ,"Pay at Hotel
Express check-out"
The Banyumas Suite Villa Legian,Rp 1.795.114,(56 reviews) , 9.1 (56 reviews) ,"Babysitting
Bicycle rental
Car rental
Massage
Kitchenette"
The Sakaye Villas & Spa,Rp 1.576.054,(181 reviews) , 8.7 (181 reviews) ,"Pay at Hotel
Spa"
The Jayakarta Bali Beach Resort & Spa,Rp 1.457.851,(168 reviews) , 8.3 (168 reviews) ,"Pay at Hotel
Pool or Snooker
Tennis
Massage
2+"
Grand Barong Resort Bali,Rp 826.446,(486 reviews) , 8.6 (486 reviews) ,"Car rental
Massage
Spa"
Javana Royal Villas,Rp 2.913.223,(42 reviews) , 9.1 (42 reviews) ,"Pay at Hotel
Beach shuttle
Rooftop terrace
Airport transfer
Spa"
Kuta Seaview Boutique Resort,Rp 1.776.617,(368 reviews) , 8.6 (368 reviews) ,"Sun loungers
Fitness center
Pool sun loungers
Spa
Bar"
Suris Boutique Hotel,Rp 455.761,(602 reviews) , 8.2 (602 reviews) ,"Car rental
Pool sun loungers
Bar"
Kampung Cenik,Rp 509.455,(962 reviews) , 8.9 (962 reviews) ,"Outdoor facilities
Bicycle rental
Car rental
Massage
Express check-out"
The Legian 777,Rp 89.256,(343 reviews) , 7.5 (343 reviews) ,"Bicycle rental
Car rental
Massage
Rooftop terrace
Airport transfer
1+"
Fourteen Roses Beach Hotel,Rp 5.205.372,(178 reviews) , 7.9 (178 reviews) ,"Bicycle rental
Car rental
Massage
Airport transfer
Spa
Bar"
The Club Villas,Rp 2.609.470,(13 reviews) , 8.5 (13 reviews) ,"Massage
Kitchenette
Fitness center"
The Grand Daha Luxury Villas,Rp 4.657.057,(66 reviews) , 8.5 (66 reviews) ,"Massage
Fitness center
Spa
Fitness center"
Grand La Walon Hotel,Rp 663.461,(209 reviews) , 8.7 (209 reviews) ,"Pay at Hotel
Children play area
Beach towel
Poolside bar
2+"
Legian Paradiso Hotel,Rp 651.504,(264 reviews) , 8.3 (264 reviews) ,"Pay at Hotel
Children play area
Fitness center
Billiard
Poolside bar
1+"
Asher Bali Transit,Rp 247.934,(836 reviews) , 7.4 (836 reviews) ,"Pay at Hotel
Bicycle rental
Car rental
Massage"
Yulia Beach Inn Kuta,Rp 564.750,(198 reviews) , 8.6 (198 reviews) ,"Sun loungers
Car rental
Pool sun loungers
Bar"
Surf Doggie Inn,Rp 144.628,(128 reviews) , 8.4 (128 reviews) ,Pay at Hotel
Kedin's Inn,Rp 289.256,(302 reviews) , 8.4 (302 reviews) ,"Bicycle rental
Car rental"
Reddoorz Hostel Near Lippo Mall Kuta,Rp 66.116,(75 reviews) , 7.3 (75 reviews) ,"Located near Airport
Free Cancellation available
Pay at Hotel"
Agus Beach Inn,Rp 309.917,(409 reviews) , 8.5 (409 reviews) ,"Car rental
Massage"
Asa Bali Luxury Villas and Spa,Rp 1.655.703,(422 reviews) , 8.6 (422 reviews) ,"Bicycle rental
Car rental
Massage
Airport transfer
Bar"
18 Suite Villa Loft by AMITHYA,Rp 1.275.088,(116 reviews) , 9.0 (116 reviews) ,"Massage
Kitchenette
Airport transfer
Spa
Bar"
Jas Green Villas And Spa,Rp 1.807.851,(124 reviews) , 8.1 (124 reviews) ,"Car rental
Massage
Kitchenette
Spa
Bar"
Destiny Boutique Hotel,Rp 463.695,(387 reviews) , 8.5 (387 reviews) ,"Rooftop terrace
Airport transfer"
Rama Residence Petitenget Hotel,Rp 1.299.793,(246 reviews) , 9.0 (246 reviews) ,"Kitchenette
Fitness center
Airport transfer
Pool sun loungers
1+"
ibis Styles Bali Legian (Formerly All Seasons Bali Legian),Rp 516.840,(167 reviews) , 8.4 (167 reviews) ,"Free Cancellation available
Express check-out"
Lavana Villa Seminyak,Rp 2.440.909,(8 reviews) , 8.8 (8 reviews) ,Pay at Hotel
Ize Seminyak,Rp 1.968.099,(231 reviews) , 8.8 (231 reviews) ,"Clothes dryer
Billiard
Rooftop terrace
Library
Fitness center
Bar"
M Boutique Hostel Legian,Rp 90.909,(212 reviews) , 8.9 (212 reviews) ,Rooftop terrace
Hotel Taman Ayu Legian,Rp 303.686,(76 reviews) , 8.3 (76 reviews) ,"Pay at Hotel
Car rental
Airport transfer
Bar"
RakaAyu Kuta,Rp 514.483,(91 reviews) , 8.6 (91 reviews) ,"Car rental
Airport transfer
Pool sun loungers
Picnic area"
Fenosa Seminyak Villas by Nagisa Bali,Rp 4.261.322,(5 reviews) , 8.8 (5 reviews) ,Kitchenette
Sun Island Hotel & Spa Legian,Rp 901.886,(247 reviews) , 8.6 (247 reviews) ,"Bar
Nightclub
Rooftop terrace
Poolside bar
Pool sun loungers
Bar"
Ping Hotel Seminyak,Rp 457.592,(7 reviews) , 8.1 (7 reviews) ,"Babysitting
Bar"
Sunset Residence Condotel,Rp 661.157,(296 reviews) , 8.4 (296 reviews) ,"Bicycle rental
Car rental
Massage
Wheelchair accessible"
New Garden View Resort,Rp 687.365,(85 reviews) , 8.4 (85 reviews) ,"Pay at Hotel
Bar
Nightclub
Bicycle rental
Massage
Bar"
Puri Naga Beachfront Cottages,Rp 664.967,(113 reviews) , 7.8 (113 reviews) ,"Surfing
Table tennis
Children play area
Private beach
Massage
1+"
Bemo Corner Guesthouse,Rp 133.265,(789 reviews) , 8.2 (789 reviews) ,Express check-out
The Radiant Hotel and Spa,Rp 721.488,(843 reviews) , 8.3 (843 reviews) ,"Pay at Hotel
Massage
Kitchenette
Airport transfer
Spa
Bar"
Mahe Garden Inn and Villas by Kamara,Rp 414.545,(42 reviews) , 8.4 (42 reviews) ,"Pay at Hotel
Bicycle rental
Car rental
Massage
Express check-out
Spa"
Nipuri Resort and Villas Seminyak by Kamara,Rp 436.364,(126 reviews) , 8.3 (126 reviews) ,"Pay at Hotel
Clothes dryer
Beach sun loungers
Beach towel
2+"
Seminyak Icon by Karaniya Experience,Rp 2.512.088,(56 reviews) , 8.9 (56 reviews) ,"Bicycle rental
Car rental
Kitchenette
Airport transfer"
Kimono Spa Hotel,Rp 371.405,(14 reviews) , 7.1 (14 reviews) ,"Pay at Hotel
Massage
Rooftop terrace
Spa"
The Seminyak Beach Resort and Spa,Rp 5.950.413,(61 reviews) , 9.0 (61 reviews) ,"Beach cabanas
Winery
Beach Bar
Beach towel
Poolside bar
Bar"
The Taman Ayu,Rp 555.372,(50 reviews) , 8.4 (50 reviews) ,"Pay at Hotel
Bicycle rental
Car rental
Massage
Fitness center
1+"
Super OYO Collection O 91189 Premium Legian Kuta,Rp 359.409,(259 reviews) , 8.6 (259 reviews) ,"Pay at Hotel
Express check-out"
AQ-VA Hotel & Villas,Rp 756.149,(26 reviews) , 8.7 (26 reviews) ,"Pay at Hotel
Massage
Poolside bar
Airport transfer
2+"
Disini Luxury Spa Villas,Rp 2.254.237,(22 reviews) , 8.8 (22 reviews) ,"Recreation room
Clothes dryer
Beach towel
Kitchenette
2+"
Chillin Kuta Homestay,Rp 308.678,(145 reviews) , 8.2 (145 reviews) ,"Pay at Hotel
Bicycle rental
Car rental"
Amnaya Resort Kuta,Rp 3.088.430,(544 reviews) , 9.0 (544 reviews) ,"Fitness center
Library
Spa
Fitness center
Bar"
City Garden Bali Dwipa Hotel,Rp 434.957,(123 reviews) , 8.6 (123 reviews) ,"Bicycle rental
Massage
Airport transfer
Spa"
Pradhana Residence,Rp 231.405,(85 reviews) , 8.2 (85 reviews) ,Express check-out
La Belle Villa,Rp 892.562,(100 reviews) , 8.5 (100 reviews) ,"Car rental
Kitchenette"
Pelangi Bali Hotel & Spa,Rp 1.826.446,(58 reviews) , 8.5 (58 reviews) ,"Massage
Fitness center
Poolside bar
Spa
Fitness center
Bar"
The Jero 18 Kuta Guest House,Rp 380.165,(79 reviews) , 8.9 (79 reviews) ,Airport transfer
Coast Boutique Hotel,Rp 810.114,(151 reviews) , 8.7 (151 reviews) ,"Pay at Hotel
Airport transfer"
Away Bali Legian Camakila Resort,Rp 2.258.924,(54 reviews) , 8.5 (54 reviews) ,"Kids club
Massage
Fitness center
Wheelchair accessible
2+"
The Bandha Hotel & Suites,Rp 6.832.244,(68 reviews) , 8.9 (68 reviews) ,"Hot tub
Beach towel
Massage
Fitness center
2+"
Destiny Villas and Residence,Rp 2.640.000,(45 reviews) , 8.6 (45 reviews) ,"Babysitting
Bicycle rental
Car rental
Massage
Airport transfer
Spa"
Ping Hotel,Rp 458.182,(244 reviews) , 8.4 (244 reviews) ,"Pay at Hotel
Car rental"
Sri Krisna II,Rp 351.240,(67 reviews) , 8.5 (67 reviews) ,"Pay at Hotel
Braille or raised signage
Hot tub
Massage
2+"
Kelan-Tel Bali,Rp 304.132,(34 reviews) , 7.4 (34 reviews) ,"Bicycle rental
Car rental
Pool sun loungers
Express check-out"
Sun Island Boutique Villas & Spa Seminyak,Rp 2.541.322,(11 reviews) , 8.5 (11 reviews) ,"Pay at Hotel
Car rental
Massage
Kitchenette
Express check-out
Bar"
Amadea Resort & Villas Seminyak Bali,Rp 1.444.724,(79 reviews) , 8.7 (79 reviews) ,"Massage
Spa
Bar"
Coast Boutique Hotel,Rp 810.114,(151 reviews) , 8.7 (151 reviews) ,"Pay at Hotel
Airport transfer"
Away Bali Legian Camakila Resort,Rp 2.258.924,(54 reviews) , 8.5 (54 reviews) ,"Kids club
Massage
Fitness center
Wheelchair accessible
2+"
The Bandha Hotel & Suites,Rp 6.832.244,(68 reviews) , 8.9 (68 reviews) ,"Hot tub
Beach towel
Massage
Fitness center
2+"
Destiny Villas and Residence,Rp 2.640.000,(45 reviews) , 8.6 (45 reviews) ,"Babysitting
Bicycle rental
Car rental
Massage
Airport transfer
Spa"
Ping Hotel,Rp 458.182,(244 reviews) , 8.4 (244 reviews) ,"Pay at Hotel
Car rental"
Sri Krisna II,Rp 351.240,(67 reviews) , 8.5 (67 reviews) ,"Pay at Hotel
Braille or raised signage
Hot tub
Massage
2+"
Kelan-Tel Bali,Rp 304.132,(34 reviews) , 7.4 (34 reviews) ,"Bicycle rental
Car rental
Pool sun loungers
Express check-out"
Sun Island Boutique Villas & Spa Seminyak,Rp 2.541.322,(11 reviews) , 8.5 (11 reviews) ,"Pay at Hotel
Car rental
Massage
Kitchenette
Express check-out
Bar"
Amadea Resort & Villas Seminyak Bali,Rp 1.444.724,(79 reviews) , 8.7 (79 reviews) ,"Massage
Spa
Bar"
Samaja Beachside Villas,Rp 1.924.429,(262 reviews) , 8.6 (262 reviews) ,"Winery
Bicycle rental
Massage
Kitchenette
Pool sun loungers
Spa"
Pondok Sari Hotel,Rp 408.288,(472 reviews) , 8.5 (472 reviews) ,"Pay at Hotel
Car rental"
Lavender Villa & Spa,Rp 770.668,(27 reviews) , 8.0 (27 reviews) ,"Hot tub
Karaoke
Children play area
Pool sun loungers
Spa
Bar"
Villa de Malicott Athena,Rp 1.331.910,(25 reviews) , 8.1 (25 reviews) ,Express check-out
"The Legian, Bali",Rp 13.708.772,(13 reviews) , 8.9 (13 reviews) ,"Health club
Airport transfer
Beach umbrella
Library
Fitness center
1+"
Hotel Karthi,Rp 289.256,(693 reviews) , 8.4 (693 reviews) ,Massage
Bali Bungalo,Rp 590.909,(58 reviews) , 8.1 (58 reviews) ,"Bicycle storage
Clothes dryer
Bicycle rental
Car rental
2+"
Cattleya Pool Suite - Seminyak by Marbella,Rp 910.301,(219 reviews) , 8.2 (219 reviews) ,"Pay at Hotel
Banana boat
Beach volleyball
Billiard
2+"
The Akasha Luxury Villas,Rp 3.910.050,(37 reviews) , 8.7 (37 reviews) ,"Surfing
Horse riding
Massage
Kitchenette
Express check-out
1+"
Interconnection Hostel Kuta,Rp 460.542,(70 reviews) , 8.8 (70 reviews) ,Car rental
